index,centre_NNN,full_sequence_19nt,Tm_C
0,GCG/CGC,CGACGTGCGCGATGTGCTG,69.3
1,CGC/GCG,CGACGTGCCGCATGTGCTG,69.1
2,GGC/CCG,CGACGTGCGGCATGTGCTG,68.9
3,GCC/CGG,CGACGTGCGCCATGTGCTG,68.7
4,CGG/GCC,CGACGTGCCGGATGTGCTG,68.2
5,CCG/GGC,CGACGTGCCCGATGTGCTG,68.2
6,GGG/CCC,CGACGTGCGGGATGTGCTG,67.7
7,CCC/GGG,CGACGTGCCCCATGTGCTG,67.7
8,TGC/ACG,CGACGTGCTGCATGTGCTG,67.5
9,GAC/CTG,CGACGTGCGACATGTGCTG,67.2
10,GCA/CGT,CGACGTGCGCAATGTGCTG,67.1
11,TCG/AGC,CGACGTGCTCGATGTGCTG,66.6
12,GGA/CCT,CGACGTGCGGAATGTGCTG,66.6
13,CGA/GCT,CGACGTGCCGAATGTGCTG,66.5
14,CAG/GTC,CGACGTGCCAGATGTGCTG,66.5
15,GAG/CTC,CGACGTGCGAGATGTGCTG,66.5
16,GCT/CGA,CGACGTGCGCTATGTGCTG,66.4
17,CAC/GTG,CGACGTGCCACATGTGCTG,66.4
18,GTC/CAG,CGACGTGCGTCATGTGCTG,66.4
19,GTG/CAC,CGACGTGCGTGATGTGCTG,66.2
20,CGT/GCA,CGACGTGCCGTATGTGCTG,66.2
21,AGC/TCG,CGACGTGCAGCATGTGCTG,66.1
22,TCC/AGG,CGACGTGCTCCATGTGCTG,66.1
23,CCA/GGT,CGACGTGCCCAATGTGCTG,66.0
24,AGG/TCC,CGACGTGCAGGATGTGCTG,66.0
25,GGT/CCA,CGACGTGCGGTATGTGCTG,66.0
26,CTG/GAC,CGACGTGCCTGATGTGCTG,65.9
27,CTC/GAG,CGACGTGCCTCATGTGCTG,65.8
28,TGG/ACC,CGACGTGCTGGATGTGCTG,65.5
29,ACG/TGC,CGACGTGCACGATGTGCTG,65.4
30,ACC/TGG,CGACGTGCACCATGTGCTG,65.2
31,TTG/AAC,CGACGTGCTTGATGTGCTG,64.9
32,ATC/TAG,CGACGTGCATCATGTGCTG,64.8
33,GAA/CTT,CGACGTGCGAAATGTGCTG,64.7
34,CAA/GTT,CGACGTGCCAAATGTGCTG,64.5
35,AAC/TTG,CGACGTGCAACATGTGCTG,64.5
36,CCT/GGA,CGACGTGCCCTATGTGCTG,64.4
37,TTC/AAG,CGACGTGCTTCATGTGCTG,64.4
38,TGA/ACT,CGACGTGCTGAATGTGCTG,64.4
39,TCA/AGT,CGACGTGCTCAATGTGCTG,64.2
40,AGA/TCT,CGACGTGCAGAATGTGCTG,64.2
41,GAT/CTA,CGACGTGCGATATGTGCTG,64.1
42,GTA/CAT,CGACGTGCGTAATGTGCTG,63.9
43,AAG/TTC,CGACGTGCAAGATGTGCTG,63.8
44,ATG/TAC,CGACGTGCATGATGTGCTG,63.6
45,GTT/CAA,CGACGTGCGTTATGTGCTG,63.6
46,TAG/ATC,CGACGTGCTAGATGTGCTG,63.6
47,TAC/ATG,CGACGTGCTACATGTGCTG,63.6
48,CTA/GAT,CGACGTGCCTAATGTGCTG,63.6
49,TCT/AGA,CGACGTGCTCTATGTGCTG,63.0
50,CAT/GTA,CGACGTGCCATATGTGCTG,63.0
51,ACA/TGT,CGACGTGCACAATGTGCTG,63.0
52,CTT/GAA,CGACGTGCCTTATGTGCTG,62.9
53,AGT/TCA,CGACGTGCAGTATGTGCTG,62.7
54,AAA/TTT,CGACGTGCAAAATGTGCTG,62.4
55,TGT/ACA,CGACGTGCTGTATGTGCTG,62.1
56,ATA/TAT,CGACGTGCATAATGTGCTG,61.8
57,TAA/ATT,CGACGTGCTAAATGTGCTG,61.6
58,TAT/ATA,CGACGTGCTATATGTGCTG,61.3
59,AAT/TTA,CGACGTGCAATATGTGCTG,61.2
60,ATT/TAA,CGACGTGCATTATGTGCTG,60.7
61,ACT/TGA,CGACGTGCACTATGTGCTG,60.7
62,TTA/AAT,CGACGTGCTTAATGTGCTG,61.1
63,TTT/AAA,CGACGTGCTTTATGTGCTG,61.0
