index,centre_NNN,full_sequence,Tm_true_C,pred_Total_ΔG°_only_1_d,pred_Per_step_ΔG°_18_d,pred_Variable_region_features_17_d,pred_Rich_physics_41_d,pred_Rich_physics__poly_2_989_d
0,GCG/CGC,CGACGTGCGCGATGTGCTG,69.30,70.1223,69.8252,69.0027,69.3706,69.3586
1,CGC/GCG,CGACGTGCCGCATGTGCTG,69.10,69.8276,69.4764,69.0847,68.7601,68.7935
2,GGC/CCG,CGACGTGCGGCATGTGCTG,68.90,69.8508,70.0193,69.3170,69.0042,69.0969
3,GCC/CGG,CGACGTGCGCCATGTGCTG,68.70,69.8741,70.0755,69.1361,69.3421,69.4211
4,CGG/GCC,CGACGTGCCGGATGTGCTG,68.20,67.0633,67.0847,68.1264,67.8612,67.8523
5,CCG/GGC,CGACGTGCCCGATGTGCTG,68.20,67.0633,67.0821,67.6730,67.8226,67.8280
6,GGG/CCC,CGACGTGCGGGATGTGCTG,67.70,67.0807,67.4470,68.3749,68.0999,68.1286
7,CCC/GGG,CGACGTGCCCCATGTGCTG,67.70,66.7998,67.1483,67.7191,67.7099,67.7844
8,TGC/ACG,CGACGTGCTGCATGTGCTG,67.50,67.8044,67.2888,66.8051,66.4434,66.4680
9,GAC/CTG,CGACGTGCGACATGTGCTG,67.20,65.8681,66.7405,66.5764,66.6254,66.6153
10,GCA/CGT,CGACGTGCGCAATGTGCTG,67.10,68.5559,68.2541,67.0690,67.2144,67.2156
11,TCG/AGC,CGACGTGCTCGATGTGCTG,66.60,65.3999,65.1766,65.5794,66.0009,65.9180
12,GGA/CCT,CGACGTGCGGAATGTGCTG,66.60,65.8023,65.9372,66.3107,66.2196,66.1903
13,CGA/GCT,CGACGTGCCGAATGTGCTG,66.50,65.8042,65.6005,66.1799,66.0762,66.0271
14,CAG/GTC,CGACGTGCCAGATGTGCTG,66.50,65.1229,65.5907,66.1834,65.7982,65.7873
15,GAG/CTC,CGACGTGCGAGATGTGCTG,66.50,65.4016,66.1359,66.4600,66.3929,66.3566
16,GCT/CGA,CGACGTGCGCTATGTGCTG,66.40,67.6115,66.6851,65.8753,66.2020,66.2175
17,CAC/GTG,CGACGTGCCACATGTGCTG,66.40,65.6046,66.2323,66.4433,66.1482,66.1780
18,GTC/CAG,CGACGTGCGTCATGTGCTG,66.40,65.8837,66.8251,66.4482,66.9267,66.8487
19,GTG/CAC,CGACGTGCGTGATGTGCTG,66.20,65.8876,66.5564,66.4242,66.7590,66.7152
20,CGT/GCA,CGACGTGCCGTATGTGCTG,66.20,65.3757,64.4679,65.1442,65.2599,65.2070
21,AGC/TCG,CGACGTGCAGCATGTGCTG,66.10,67.8732,67.8537,66.7124,67.0096,67.0306
22,TCC/AGG,CGACGTGCTCCATGTGCTG,66.10,65.1294,65.2513,65.6224,65.9029,65.8503
23,CCA/GGT,CGACGTGCCCAATGTGCTG,66.00,65.5341,65.4088,65.7134,65.6633,65.6751
24,AGG/TCC,CGACGTGCAGGATGTGCTG,66.00,65.1310,65.1949,65.5479,65.7940,65.7509
25,GGT/CCA,CGACGTGCGGTATGTGCTG,66.00,65.3790,64.8040,65.3291,65.4397,65.4012
26,CTG/GAC,CGACGTGCCTGATGTGCTG,65.90,65.1326,65.6080,65.9762,65.8627,65.8818
27,CTC/GAG,CGACGTGCCTCATGTGCTG,65.80,65.1342,65.8787,66.0538,66.0773,66.0690
28,TGG/ACC,CGACGTGCTGGATGTGCTG,65.50,65.1390,65.0241,66.1033,65.8149,65.7847
29,ACG/TGC,CGACGTGCACGATGTGCTG,65.40,65.9033,65.8120,65.5598,66.4024,66.3315
30,ACC/TGG,CGACGTGCACCATGTGCTG,65.20,65.6259,65.8714,65.5454,66.2244,66.2149
31,TTG/AAC,CGACGTGCTTGATGTGCTG,64.90,63.8397,64.0183,63.9716,64.0417,64.0305
32,ATC/TAG,CGACGTGCATCATGTGCTG,64.80,63.9203,64.5295,63.6168,64.3687,64.3509
33,GAA/CTT,CGACGTGCGAAATGTGCTG,64.70,64.5306,65.0001,64.6919,64.5880,64.5745
34,CAA/GTT,CGACGTGCCAAATGTGCTG,64.50,64.2540,64.4309,64.4485,64.0249,64.0331
35,AAC/TTG,CGACGTGCAACATGTGCTG,64.50,64.3318,64.8699,64.1306,64.5024,64.5009
36,CCT/GGA,CGACGTGCCCTATGTGCTG,64.40,64.6442,63.9913,64.7264,64.8480,64.8657
37,TTC/AAG,CGACGTGCTTCATGTGCTG,64.40,63.8499,64.3094,64.1150,64.2954,64.2432
38,TGA/ACT,CGACGTGCTGAATGTGCTG,64.40,63.8499,63.5101,64.0523,63.4883,63.4866
39,TCA/AGT,CGACGTGCTCAATGTGCTG,64.20,63.8539,63.5255,63.6614,63.4589,63.4285
40,AGA/TCT,CGACGTGCAGAATGTGCTG,64.20,63.8539,63.7152,63.6251,63.5824,63.5566
41,GAT/CTA,CGACGTGCGATATGTGCTG,64.10,63.6995,63.5686,63.5551,63.5814,63.5853
42,GTA/CAT,CGACGTGCGTAATGTGCTG,63.90,64.1092,64.7245,64.3897,64.5796,64.5318
43,AAG/TTC,CGACGTGCAAGATGTGCTG,63.80,63.8621,64.2506,64.0091,64.2344,64.1876
44,ATG/TAC,CGACGTGCATGATGTGCTG,63.60,63.9439,64.3150,63.7691,64.2704,64.2675
45,GTT/CAA,CGACGTGCGTTATGTGCTG,63.60,64.1148,63.9747,63.5261,63.9377,63.8925
46,TAG/ATC,CGACGTGCTAGATGTGCTG,63.60,62.9387,63.3461,64.0836,63.7050,63.6824
47,TAC/ATG,CGACGTGCTACATGTGCTG,63.60,63.4286,64.0080,64.3300,64.0281,64.0312
48,CTA/GAT,CGACGTGCCTAATGTGCTG,63.60,63.3501,63.7484,63.9403,63.7042,63.7142
49,TCT/AGA,CGACGTGCTCTATGTGCTG,63.00,62.9574,62.0755,62.6028,62.5545,62.5497
50,CAT/GTA,CGACGTGCCATATGTGCTG,63.00,63.4435,63.0899,63.4695,63.1364,63.1551
51,ACA/TGT,CGACGTGCACAATGTGCTG,63.00,64.3577,64.1224,63.6297,63.7931,63.8059
52,CTT/GAA,CGACGTGCCTTATGTGCTG,62.90,63.3680,63.0308,63.1485,63.1155,63.1302
53,AGT/TCA,CGACGTGCAGTATGTGCTG,62.70,63.4509,62.6808,62.8040,62.9399,62.8966
54,AAA/TTT,CGACGTGCAAAATGTGCTG,62.40,62.9918,63.0657,62.1669,61.9619,62.0257
55,TGT/ACA,CGACGTGCTGTATGTGCTG,62.10,63.4657,62.5513,63.3736,62.9965,62.9856
56,ATA/TAT,CGACGTGCATAATGTGCTG,61.80,62.1643,62.4496,61.6460,61.6161,61.6743
57,TAA/ATT,CGACGTGCTAAATGTGCTG,61.60,62.0944,62.2040,62.3498,61.4856,61.5629
58,TAT/ATA,CGACGTGCTATATGTGCTG,61.30,61.2404,60.7793,61.1638,60.3870,60.5290
59,AAT/TTA,CGACGTGCAATATGTGCTG,61.20,62.1925,61.7284,61.1393,61.0417,61.1006
60,ATT/TAA,CGACGTGCATTATGTGCTG,60.70,62.2160,61.7644,60.9221,61.0819,61.1443
61,ACT/TGA,CGACGTGCACTATGTGCTG,60.70,63.5002,62.8197,62.7599,63.0047,63.0247
62,TTA/AAT,CGACGTGCTTAATGTGCTG,61.10,62.1188,62.2751,62.1973,61.6282,61.6739
63,TTT/AAA,CGACGTGCTTTATGTGCTG,61.00,62.1237,61.5000,61.2984,60.9693,61.0418
