index,sequence,gc_content,total_dG_kcal_mol,Tm_approx_C,stem_pairs
0,GGGGCACC,0.875,-13.6700,56.56,"[(0, 7), (1, 6)]"
1,CCGTGGGG,0.875,-12.4200,48.89,"[(0, 7), (1, 6)]"
2,CCGCGGGG,1.000,-15.1200,63.14,"[(0, 7), (1, 6)]"
3,GGGATACC,0.625,-9.7200,34.16,"[(0, 7), (1, 6)]"
4,GCGCAAGC,0.750,-16.1600,68.61,"[(0, 7), (1, 6)]"
5,GCTGCGGC,0.875,-17.0000,73.54,"[(0, 7), (1, 6)]"
6,GCGAGAGC,0.750,-14.1700,58.02,"[(0, 7), (1, 6)]"
7,GCGCAAGC,0.750,-16.1600,68.61,"[(0, 7), (1, 6)]"
8,GGGGCACC,0.875,-13.6700,56.56,"[(0, 7), (1, 6)]"
9,GGGTGACC,0.750,-11.1500,42.14,"[(0, 7), (1, 6)]"
10,GCGCTGGC,0.875,-17.0000,73.54,"[(0, 7), (1, 6)]"
11,GGGCAACC,0.750,-12.8300,51.60,"[(0, 7), (1, 6)]"
12,GCGTTAGC,0.625,-13.3100,53.39,"[(0, 7), (1, 6)]"
13,GGGATACC,0.625,-9.7200,34.16,"[(0, 7), (1, 6)]"
14,GCGGGAGC,0.875,-15.2700,64.39,"[(0, 7), (1, 6)]"
15,GCGGCAGC,0.875,-17.0000,73.54,"[(0, 7), (1, 6)]"
16,CCCTCGGG,0.875,-12.1100,47.32,"[(0, 7), (1, 6)]"
17,GCGCTGGC,0.875,-17.0000,73.54,"[(0, 7), (1, 6)]"
18,CCGATGGG,0.750,-11.3200,42.93,"[(0, 7), (1, 6)]"
19,GGGGGACC,0.875,-11.9400,46.81,"[(0, 7), (1, 6)]"
20,CCGTAGGG,0.750,-10.9900,41.16,"[(0, 7), (1, 6)]"
21,GGGTAACC,0.625,-9.9800,35.64,"[(0, 7), (1, 6)]"
22,GCGGTGGC,0.875,-15.5800,65.78,"[(0, 7), (1, 6)]"
23,CCGTTGGG,0.750,-11.5800,44.25,"[(0, 7), (1, 6)]"
24,GGGCCACC,0.875,-13.6700,56.56,"[(0, 7), (1, 6)]"
25,CCGGTGGG,0.875,-12.4200,48.89,"[(0, 7), (1, 6)]"
26,GCGGCAGC,0.875,-17.0000,73.54,"[(0, 7), (1, 6)]"
27,CCGGAGGG,0.875,-12.1100,47.32,"[(0, 7), (1, 6)]"
28,GCCAAGGC,0.750,-14.2500,59.40,"[(0, 7), (1, 6)]"
29,GCGCGGGC,1.000,-18.2800,79.69,"[(0, 7), (1, 6)]"
30,CCGAGGGG,0.875,-12.1100,47.32,"[(0, 7), (1, 6)]"
31,GCGATAGC,0.625,-13.0500,52.18,"[(0, 7), (1, 6)]"
32,CCGACGGG,0.875,-12.6000,49.53,"[(0, 7), (1, 6)]"
33,GGGGGACC,0.875,-11.9400,46.81,"[(0, 7), (1, 6)]"
34,GCGCTAGC,0.750,-15.5700,65.87,"[(0, 7), (1, 6)]"
35,CCGGGGGG,1.000,-13.2100,53.66,"[(0, 7), (1, 6)]"
36,GCGGCGGC,1.000,-18.2800,79.69,"[(0, 7), (1, 6)]"
37,GGGCAACC,0.750,-12.8300,51.60,"[(0, 7), (1, 6)]"
38,GCGTCAGC,0.750,-14.4800,59.44,"[(0, 7), (1, 6)]"
39,GCGGCGGC,1.000,-18.2800,79.69,"[(0, 7), (1, 6)]"
40,GCGTAAGC,0.625,-13.3100,53.39,"[(0, 7), (1, 6)]"
41,GGGCAACC,0.750,-12.8300,51.60,"[(0, 7), (1, 6)]"
42,GGGCGACC,0.875,-13.8500,56.82,"[(0, 7), (1, 6)]"
43,GCTCCGGC,0.875,-15.2700,64.39,"[(0, 7), (1, 6)]"
44,CCGGGGGG,1.000,-13.2100,53.66,"[(0, 7), (1, 6)]"
45,CCGTAGGG,0.750,-10.9900,41.16,"[(0, 7), (1, 6)]"
46,GCGTTGGC,0.750,-14.7400,60.96,"[(0, 7), (1, 6)]"
47,GCGGAGGC,0.875,-15.2700,64.39,"[(0, 7), (1, 6)]"
48,CCGTTGGG,0.750,-11.5800,44.25,"[(0, 7), (1, 6)]"
49,GGGCTACC,0.750,-12.2400,48.46,"[(0, 7), (1, 6)]"
50,GCGGCAGC,0.875,-17.0000,73.54,"[(0, 7), (1, 6)]"
51,GCTGCGGC,0.875,-17.0000,73.54,"[(0, 7), (1, 6)]"
52,GCGATGGC,0.750,-14.4800,59.83,"[(0, 7), (1, 6)]"
53,GCGCAGGC,0.875,-17.0000,73.54,"[(0, 7), (1, 6)]"
54,GGGGTACC,0.750,-10.8200,40.38,"[(0, 7), (1, 6)]"
55,GGGTGACC,0.750,-11.1500,42.14,"[(0, 7), (1, 6)]"
56,GGGACACC,0.750,-11.1500,42.19,"[(0, 7), (1, 6)]"
57,CCGATGGG,0.750,-11.3200,42.93,"[(0, 7), (1, 6)]"
