index,sequence,gc_content,total_dG_kcal_mol,Tm_approx_C
0,CCTTTTTC,0.375,-8.4200,27.26
1,TACGCTAT,0.375,-10.3500,37.69
2,TTCAGTAG,0.375,-8.3300,26.82
3,ATGCGAGA,0.500,-11.8000,45.33
4,TTGTATAT,0.125,-6.8100,18.43
5,GGGCGAGC,0.875,-15.2700,64.39
6,TATCCCAG,0.500,-9.1700,31.16
7,GATTTGTC,0.375,-8.3700,27.12
8,AGTCCCAT,0.500,-10.0300,35.94
9,AATAACTG,0.250,-7.6300,22.87
10,GCCAGCGA,0.750,-14.8800,61.89
11,TTCATTCA,0.250,-8.3800,27.19
12,TAACATTC,0.250,-7.6500,23.07
13,AACAACTC,0.375,-8.9100,29.88
14,CAGCTGCG,0.750,-14.4700,59.50
15,ACCCGGAC,0.750,-11.8700,46.00
16,CCTAGGTC,0.625,-9.5600,33.33
17,CTCCGTGA,0.625,-10.7800,39.92
18,CGATCTCA,0.500,-9.6800,34.16
19,TACTGCCG,0.625,-12.1800,47.51
20,AGTGATAC,0.375,-8.3700,26.91
21,CGAACTTG,0.500,-9.6400,33.95
22,CAGTGCGC,0.750,-14.6300,60.17
23,CCTCCCCG,0.875,-12.1100,47.32
24,TCGATAGT,0.375,-8.9500,30.30
25,GGTCTGAC,0.625,-10.0500,36.06
26,CTGTGTGT,0.500,-9.9500,35.56
27,CATTCATG,0.375,-8.4100,27.28
28,CCGAGTTA,0.500,-9.6100,33.76
29,GTGGAGAT,0.500,-9.4900,33.02
30,TATTCGCC,0.500,-11.1900,42.18
31,GAGTATCG,0.500,-8.9500,30.30
32,CCAGCTCT,0.625,-11.8500,45.97
33,TCCAAACC,0.500,-9.8700,35.07
34,ACTATATT,0.125,-6.6400,17.12
35,AGAAATTC,0.250,-7.7600,23.73
36,ACATCGCA,0.500,-12.1100,46.97
37,ACCTGGCA,0.625,-12.7200,50.86
38,ACCCTTGT,0.500,-10.2900,37.37
39,GGTCTTCT,0.500,-9.4400,32.75
40,CAGATGTA,0.375,-8.3800,27.09
41,ACCAATCT,0.375,-9.1900,31.32
42,GGTCTACG,0.625,-10.0500,36.08
43,CAAGCCGA,0.625,-12.4600,48.85
44,TCTTATCA,0.250,-7.7900,23.86
45,CTGTCTAT,0.375,-8.2100,26.07
46,AGGCTAAT,0.375,-10.2800,37.32
47,AACGAAGA,0.375,-9.4900,33.16
48,CCCCCTAA,0.625,-10.2200,36.98
49,TAATTTGA,0.125,-7.2100,20.84
50,ACATAAGG,0.375,-8.4700,27.32
51,TCAACTAT,0.250,-7.9300,24.50
52,GGTTCTGC,0.625,-11.7300,45.19
53,GGGGTTCA,0.625,-10.7100,39.67
54,CAATTATA,0.125,-6.3700,16.02
55,ACCAGATA,0.375,-8.7700,28.98
56,ATTTTAGA,0.125,-7.0400,19.77
57,TCAGAGGA,0.500,-9.7500,34.44
