index,centre_NNN,full_sequence,Tm_true_C,pred_Quantum_var-region__no-WC_21-d,pred_Classical_var-region__________17-d,pred_Quantum_+_Classical_combined__38-d,pred_Quantum_full_features_no-WC_111-d,pred_Kernel_Ridge_linear_kernel_no-WC
0,GCG/CGC,CGACGTGCGCGATGTGCTG,69.30,68.5969,69.0027,69.1976,67.5592,68.5595
1,CGC/GCG,CGACGTGCCGCATGTGCTG,69.10,69.2815,69.0847,69.2364,68.2611,69.1662
2,GGC/CCG,CGACGTGCGGCATGTGCTG,68.90,69.1784,69.3170,69.3771,68.8259,69.2712
3,GCC/CGG,CGACGTGCGCCATGTGCTG,68.70,69.0171,69.1361,69.1100,67.1661,68.9594
4,CGG/GCC,CGACGTGCCGGATGTGCTG,68.20,68.4569,68.1264,68.0925,68.6696,68.5058
5,CCG/GGC,CGACGTGCCCGATGTGCTG,68.20,68.1050,67.6730,68.2386,68.5209,67.9340
6,GGG/CCC,CGACGTGCGGGATGTGCTG,67.70,68.7388,68.3749,68.4827,69.6197,69.0070
7,CCC/GGG,CGACGTGCCCCATGTGCTG,67.70,68.0384,67.7191,67.7769,67.7285,67.8583
8,TGC/ACG,CGACGTGCTGCATGTGCTG,67.50,66.2479,66.8051,66.6547,65.8107,66.3771
9,GAC/CTG,CGACGTGCGACATGTGCTG,67.20,66.7609,66.5764,66.9112,66.3259,66.6524
10,GCA/CGT,CGACGTGCGCAATGTGCTG,67.10,66.3189,67.0690,67.1306,66.1445,66.2372
11,TCG/AGC,CGACGTGCTCGATGTGCTG,66.60,65.3746,65.5794,65.8175,63.9845,65.1687
12,GGA/CCT,CGACGTGCGGAATGTGCTG,66.60,66.9103,66.3107,66.5075,66.9335,66.9521
13,CGA/GCT,CGACGTGCCGAATGTGCTG,66.50,66.8884,66.1799,66.7281,67.5503,66.7216
14,CAG/GTC,CGACGTGCCAGATGTGCTG,66.50,65.8250,66.1834,65.9228,65.3474,65.6888
15,GAG/CTC,CGACGTGCGAGATGTGCTG,66.50,66.5085,66.4600,66.5800,66.5113,66.5261
16,GCT/CGA,CGACGTGCGCTATGTGCTG,66.40,65.4027,65.8753,65.7566,65.1131,65.4960
17,CAC/GTG,CGACGTGCCACATGTGCTG,66.40,66.4638,66.4433,66.6047,67.4755,66.4976
18,GTC/CAG,CGACGTGCGTCATGTGCTG,66.40,66.4092,66.4482,66.5606,66.2042,66.2180
19,GTG/CAC,CGACGTGCGTGATGTGCTG,66.20,66.5814,66.4242,66.5622,67.1863,66.6794
20,CGT/GCA,CGACGTGCCGTATGTGCTG,66.20,65.8325,65.1442,65.5192,65.1760,65.7445
21,AGC/TCG,CGACGTGCAGCATGTGCTG,66.10,66.1331,66.7124,66.5925,65.8903,66.2655
22,TCC/AGG,CGACGTGCTCCATGTGCTG,66.10,65.1951,65.6224,65.4785,65.4949,65.2050
23,CCA/GGT,CGACGTGCCCAATGTGCTG,66.00,66.3282,65.7134,66.0578,65.7346,66.4059
24,AGG/TCC,CGACGTGCAGGATGTGCTG,66.00,65.3814,65.5479,65.2790,65.1683,65.5500
25,GGT/CCA,CGACGTGCGGTATGTGCTG,66.00,65.6348,65.3291,65.4034,64.4652,65.3626
26,CTG/GAC,CGACGTGCCTGATGTGCTG,65.90,66.0968,65.9762,66.0686,66.4352,66.0376
27,CTC/GAG,CGACGTGCCTCATGTGCTG,65.80,65.8202,66.0538,66.0849,66.0966,65.8645
28,TGG/ACC,CGACGTGCTGGATGTGCTG,65.50,65.9474,66.1033,66.1406,66.0502,65.9404
29,ACG/TGC,CGACGTGCACGATGTGCTG,65.40,65.5482,65.5598,65.6102,64.8651,65.4306
30,ACC/TGG,CGACGTGCACCATGTGCTG,65.20,65.6113,65.5454,65.2221,65.2145,65.6697
31,TTG/AAC,CGACGTGCTTGATGTGCTG,64.90,63.8911,63.9716,64.1831,63.0923,63.7799
32,ATC/TAG,CGACGTGCATCATGTGCTG,64.80,63.9227,63.6168,63.7209,64.3576,63.7679
33,GAA/CTT,CGACGTGCGAAATGTGCTG,64.70,64.6803,64.6919,64.7780,64.4923,64.6578
34,CAA/GTT,CGACGTGCCAAATGTGCTG,64.50,63.9468,64.4485,64.1741,63.0495,63.8271
35,AAC/TTG,CGACGTGCAACATGTGCTG,64.50,64.0347,64.1306,64.2321,66.0959,64.1945
36,CCT/GGA,CGACGTGCCCTATGTGCTG,64.40,64.9374,64.7264,64.6529,64.8737,65.0965
37,TTC/AAG,CGACGTGCTTCATGTGCTG,64.40,63.9560,64.1150,64.4861,62.7811,63.7371
38,TGA/ACT,CGACGTGCTGAATGTGCTG,64.40,63.8685,64.0523,64.0928,64.5382,63.9008
39,TCA/AGT,CGACGTGCTCAATGTGCTG,64.20,63.4992,63.6614,63.8060,63.4408,63.3023
40,AGA/TCT,CGACGTGCAGAATGTGCTG,64.20,63.7178,63.6251,63.5872,64.1646,63.7796
41,GAT/CTA,CGACGTGCGATATGTGCTG,64.10,63.5887,63.5551,63.7388,64.3548,63.4696
42,GTA/CAT,CGACGTGCGTAATGTGCTG,63.90,64.8243,64.3897,64.0672,65.6796,64.9880
43,AAG/TTC,CGACGTGCAAGATGTGCTG,63.80,63.8731,64.0091,63.9901,63.1793,63.8420
44,ATG/TAC,CGACGTGCATGATGTGCTG,63.60,63.9975,63.7691,63.8640,65.8829,64.1335
45,GTT/CAA,CGACGTGCGTTATGTGCTG,63.60,63.0338,63.5261,63.2514,63.0947,62.9765
46,TAG/ATC,CGACGTGCTAGATGTGCTG,63.60,64.5420,64.0836,63.9129,64.8156,64.6064
47,TAC/ATG,CGACGTGCTACATGTGCTG,63.60,64.7849,64.3300,64.3536,65.4786,64.8466
48,CTA/GAT,CGACGTGCCTAATGTGCTG,63.60,64.1779,63.9403,63.4820,64.6234,64.4666
49,TCT/AGA,CGACGTGCTCTATGTGCTG,63.00,61.6577,62.6028,62.0255,61.1471,61.6790
50,CAT/GTA,CGACGTGCCATATGTGCTG,63.00,63.2786,63.4695,63.4818,63.2369,63.3778
51,ACA/TGT,CGACGTGCACAATGTGCTG,63.00,63.7426,63.6297,63.6646,63.8537,63.6572
52,CTT/GAA,CGACGTGCCTTATGTGCTG,62.90,62.6657,63.1485,62.8268,62.9359,62.8119
53,AGT/TCA,CGACGTGCAGTATGTGCTG,62.70,62.4781,62.8040,62.5183,62.4093,62.5544
54,AAA/TTT,CGACGTGCAAAATGTGCTG,62.40,62.2546,62.1669,62.2245,62.4255,62.2756
55,TGT/ACA,CGACGTGCTGTATGTGCTG,62.10,63.1346,63.3736,63.5678,63.0277,63.0380
56,ATA/TAT,CGACGTGCATAATGTGCTG,61.80,62.2356,61.6460,61.3074,62.3925,62.2832
57,TAA/ATT,CGACGTGCTAAATGTGCTG,61.60,62.5921,62.3498,62.1154,62.6041,62.7036
58,TAT/ATA,CGACGTGCTATATGTGCTG,61.30,61.4935,61.1638,60.7750,62.1052,61.6072
59,AAT/TTA,CGACGTGCAATATGTGCTG,61.20,61.0032,61.1393,61.1554,60.8702,60.7132
60,ATT/TAA,CGACGTGCATTATGTGCTG,60.70,60.8746,60.9221,60.8360,59.9518,60.6675
61,ACT/TGA,CGACGTGCACTATGTGCTG,60.70,62.6292,62.7599,62.4441,63.3252,62.7760
62,TTA/AAT,CGACGTGCTTAATGTGCTG,61.10,62.2406,62.1973,62.1141,62.9963,62.3790
63,TTT/AAA,CGACGTGCTTTATGTGCTG,61.00,60.6156,61.2984,61.2595,60.8244,60.6468
