index,centre_NNN,full_sequence,Tm_true_C,pred_quantum_full_111d,pred_quantum_var_21d,pred_classical_rich,pred_classical_gc_only,pred_combined
0,GCG/CGC,CGACGTGCGCGATGTGCTG,69.30,68.1676,68.1418,68.9654,68.4743,69.2529
1,CGC/GCG,CGACGTGCCGCATGTGCTG,69.10,68.1468,68.6292,69.0493,68.4876,69.2445
2,GGC/CCG,CGACGTGCGGCATGTGCTG,68.90,69.3774,69.0005,69.3130,68.5009,69.3434
3,GCC/CGG,CGACGTGCGCCATGTGCTG,68.70,67.2056,68.3771,69.1355,68.5142,69.3089
4,CGG/GCC,CGACGTGCCGGATGTGCTG,68.20,68.3151,68.1210,68.1763,68.5475,68.0343
5,CCG/GGC,CGACGTGCCCGATGTGCTG,68.20,69.2780,68.2614,67.7211,68.5475,68.0080
6,GGG/CCC,CGACGTGCGGGATGTGCTG,67.70,68.5501,69.3546,68.4559,68.5808,68.3970
7,CCC/GGG,CGACGTGCCCCATGTGCTG,67.70,67.9881,68.7573,67.8020,68.5808,67.9897
8,TGC/ACG,CGACGTGCTGCATGTGCTG,67.50,65.9725,66.0762,66.7498,66.0959,66.7160
9,GAC/CTG,CGACGTGCGACATGTGCTG,67.20,67.1833,67.4095,66.6084,66.1023,66.8181
10,GCA/CGT,CGACGTGCGCAATGTGCTG,67.10,66.3771,66.1111,67.0080,66.1045,67.1408
11,TCG/AGC,CGACGTGCTCGATGTGCTG,66.60,65.5523,65.6101,65.5991,66.1151,65.7339
12,GGA/CCT,CGACGTGCGGAATGTGCTG,66.60,67.1609,66.9399,66.3557,66.1151,66.3135
13,CGA/GCT,CGACGTGCCGAATGTGCTG,66.50,67.1572,66.5246,66.1963,66.1172,66.4354
14,CAG/GTC,CGACGTGCCAGATGTGCTG,66.50,64.9454,65.4143,66.1928,66.1172,65.9760
15,GAG/CTC,CGACGTGCGAGATGTGCTG,66.50,66.2182,66.5699,66.4877,66.1172,66.7036
16,GCT/CGA,CGACGTGCGCTATGTGCTG,66.40,64.4356,65.0073,65.8372,66.1193,65.6835
17,CAC/GTG,CGACGTGCCACATGTGCTG,66.40,65.7145,66.4703,66.4572,66.1193,66.4410
18,GTC/CAG,CGACGTGCGTCATGTGCTG,66.40,67.5403,66.8292,66.4806,66.1193,66.5274
19,GTG/CAC,CGACGTGCGTGATGTGCTG,66.20,64.9774,66.5667,66.4340,66.1236,66.7329
20,CGT/GCA,CGACGTGCCGTATGTGCTG,66.20,64.7049,65.1406,65.1633,66.1236,65.3161
21,AGC/TCG,CGACGTGCAGCATGTGCTG,66.10,65.0960,65.5528,66.6693,66.1257,66.7505
22,TCC/AGG,CGACGTGCTCCATGTGCTG,66.10,65.4814,65.6488,65.6751,66.1257,65.6199
23,CCA/GGT,CGACGTGCCCAATGTGCTG,66.00,65.3189,66.4562,65.7391,66.1279,65.9458
24,AGG/TCC,CGACGTGCAGGATGTGCTG,66.00,65.0923,65.3746,65.5887,66.1279,65.3769
25,GGT/CCA,CGACGTGCGGTATGTGCTG,66.00,63.4652,66.0820,65.3764,66.1279,65.3755
26,CTG/GAC,CGACGTGCCTGATGTGCTG,65.90,65.3076,66.0035,65.9851,66.1300,66.2755
27,CTC/GAG,CGACGTGCCTCATGTGCTG,65.80,66.8556,66.2943,66.0853,66.1321,66.2605
28,TGG/ACC,CGACGTGCTGGATGTGCTG,65.50,65.5896,65.5167,66.1349,66.1385,65.8582
29,ACG/TGC,CGACGTGCACGATGTGCTG,65.40,66.2792,65.3652,65.5720,66.1406,65.2917
30,ACC/TGG,CGACGTGCACCATGTGCTG,65.20,65.2480,66.0177,65.5912,66.1449,65.3276
31,TTG/AAC,CGACGTGCTTGATGTGCTG,64.90,63.3942,63.7296,63.9378,63.6998,64.2609
32,ATC/TAG,CGACGTGCATCATGTGCTG,64.80,64.0609,63.5217,63.6128,63.7019,63.3824
33,GAA/CTT,CGACGTGCGAAATGTGCTG,64.70,64.3952,64.5322,64.6718,63.7041,64.8865
34,CAA/GTT,CGACGTGCCAAATGTGCTG,64.50,65.1322,63.7282,64.4103,63.7083,64.1381
35,AAC/TTG,CGACGTGCAACATGTGCTG,64.50,64.6280,64.3374,64.1119,63.7083,64.3400
36,CCT/GGA,CGACGTGCCCTATGTGCTG,64.40,65.4643,65.5423,64.7734,66.1619,64.9010
37,TTC/AAG,CGACGTGCTTCATGTGCTG,64.40,64.0811,63.9553,64.1039,63.7105,64.3217
38,TGA/ACT,CGACGTGCTGAATGTGCTG,64.40,63.6327,63.7646,64.0509,63.7105,64.1428
39,TCA/AGT,CGACGTGCTCAATGTGCTG,64.20,62.5820,63.3304,63.6591,63.7147,63.6669
40,AGA/TCT,CGACGTGCAGAATGTGCTG,64.20,63.5229,63.6402,63.6335,63.7147,63.7626
41,GAT/CTA,CGACGTGCGATATGTGCTG,64.10,65.4356,63.8019,63.5531,63.7168,63.6193
42,GTA/CAT,CGACGTGCGTAATGTGCTG,63.90,65.3448,64.6665,64.3863,63.7211,64.1259
43,AAG/TTC,CGACGTGCAAGATGTGCTG,63.80,64.5250,63.6609,63.9862,63.7232,64.2497
44,ATG/TAC,CGACGTGCATGATGTGCTG,63.60,63.5361,64.0260,63.7430,63.7275,63.8409
45,GTT/CAA,CGACGTGCGTTATGTGCTG,63.60,61.5181,63.0659,63.5092,63.7275,63.1118
46,TAG/ATC,CGACGTGCTAGATGTGCTG,63.60,63.9851,64.4517,64.0838,63.7275,63.8638
47,TAC/ATG,CGACGTGCTACATGTGCTG,63.60,65.6012,64.8248,64.3345,63.7275,64.1521
48,CTA/GAT,CGACGTGCCTAATGTGCTG,63.60,63.6652,64.4228,63.9360,63.7275,63.7751
49,TCT/AGA,CGACGTGCTCTATGTGCTG,63.00,61.1038,62.3359,62.6213,63.7402,62.5103
50,CAT/GTA,CGACGTGCCATATGTGCTG,63.00,64.2796,63.0742,63.4496,63.7402,63.1144
51,ACA/TGT,CGACGTGCACAATGTGCTG,63.00,64.7887,63.7366,63.6199,63.7402,63.3190
52,CTT/GAA,CGACGTGCCTTATGTGCTG,62.90,64.2423,62.6556,63.1310,63.7424,62.9297
53,AGT/TCA,CGACGTGCAGTATGTGCTG,62.70,63.5698,62.8624,62.8154,63.7466,62.9798
54,AAA/TTT,CGACGTGCAAAATGTGCTG,62.40,61.6218,62.0152,62.0946,61.2526,62.2867
55,TGT/ACA,CGACGTGCTGTATGTGCTG,62.10,63.3555,63.2482,63.3752,63.7594,63.6076
56,ATA/TAT,CGACGTGCATAATGTGCTG,61.80,62.8734,62.0994,61.6060,61.2925,61.1470
57,TAA/ATT,CGACGTGCTAAATGTGCTG,61.60,63.2952,62.7628,62.3025,61.3058,62.2193
58,TAT/ATA,CGACGTGCTATATGTGCTG,61.30,61.8733,61.8366,61.1342,61.3258,60.7315
59,AAT/TTA,CGACGTGCAATATGTGCTG,61.20,60.7574,61.3143,61.0863,61.3325,61.2743
60,ATT/TAA,CGACGTGCATTATGTGCTG,60.70,62.5718,60.7304,60.8690,61.3658,60.4084
61,ACT/TGA,CGACGTGCACTATGTGCTG,60.70,62.7422,62.8071,62.7711,63.7891,62.4468
62,TTA/AAT,CGACGTGCTTAATGTGCTG,61.10,63.4138,62.3727,62.1511,61.3391,62.4668
63,TTT/AAA,CGACGTGCTTTATGTGCTG,61.00,62.3104,60.6120,61.2380,61.3458,61.2357
