index,centre_NNN,full_sequence,Tm_true_C,pred_Quantum_full_no-WC_111-d,pred_Quantum_var-region_no-WC_21-d,pred_Classical_var-region_17-d,pred_Combined_quantum+classical_38-d,pred_KRR_linear_kernel_no-WC
0,GCG/CGC,CGACGTGCGCGATGTGCTG,69.30,67.5065,68.5431,69.0027,69.2677,68.5186
1,CGC/GCG,CGACGTGCCGCATGTGCTG,69.10,69.1197,69.4624,69.0847,69.3289,69.2426
2,GGC/CCG,CGACGTGCGGCATGTGCTG,68.90,70.0416,69.2911,69.3170,69.3704,69.7020
3,GCC/CGG,CGACGTGCGCCATGTGCTG,68.70,67.4419,68.6137,69.1361,68.9841,68.7260
4,CGG/GCC,CGACGTGCCGGATGTGCTG,68.20,68.7777,68.5303,68.1264,68.1381,68.6222
5,CCG/GGC,CGACGTGCCCGATGTGCTG,68.20,67.7458,68.0300,67.6730,68.1891,67.8977
6,GGG/CCC,CGACGTGCGGGATGTGCTG,67.70,68.4128,68.9169,68.3749,68.5529,68.9493
7,CCC/GGG,CGACGTGCCCCATGTGCTG,67.70,67.6213,67.9483,67.7191,67.8035,67.9330
8,TGC/ACG,CGACGTGCTGCATGTGCTG,67.50,66.4403,66.1588,66.8051,66.5861,66.3843
9,GAC/CTG,CGACGTGCGACATGTGCTG,67.20,67.4792,66.6331,66.5764,66.8677,66.6307
10,GCA/CGT,CGACGTGCGCAATGTGCTG,67.10,65.8385,66.4697,67.0690,67.2003,66.3765
11,TCG/AGC,CGACGTGCTCGATGTGCTG,66.60,66.3011,65.4162,65.5794,65.9080,65.3136
12,GGA/CCT,CGACGTGCGGAATGTGCTG,66.60,68.4421,66.9658,66.3107,66.4786,67.1705
13,CGA/GCT,CGACGTGCCGAATGTGCTG,66.50,66.7148,66.7105,66.1799,66.6531,66.3683
14,CAG/GTC,CGACGTGCCAGATGTGCTG,66.50,66.4263,65.7684,66.1834,65.8839,65.7760
15,GAG/CTC,CGACGTGCGAGATGTGCTG,66.50,66.9359,66.5035,66.4600,66.5571,66.4290
16,GCT/CGA,CGACGTGCGCTATGTGCTG,66.40,65.6948,65.4716,65.8753,65.7115,65.5134
17,CAC/GTG,CGACGTGCCACATGTGCTG,66.40,65.8771,66.2579,66.4433,66.5697,66.2618
18,GTC/CAG,CGACGTGCGTCATGTGCTG,66.40,66.5554,66.5733,66.4482,66.6504,66.3878
19,GTG/CAC,CGACGTGCGTGATGTGCTG,66.20,66.3434,66.7448,66.4242,66.6069,66.6716
20,CGT/GCA,CGACGTGCCGTATGTGCTG,66.20,65.0475,65.7689,65.1442,65.5378,65.7157
21,AGC/TCG,CGACGTGCAGCATGTGCTG,66.10,64.5676,66.0162,66.7124,66.5464,65.9117
22,TCC/AGG,CGACGTGCTCCATGTGCTG,66.10,65.1939,65.2559,65.6224,65.4956,65.0607
23,CCA/GGT,CGACGTGCCCAATGTGCTG,66.00,66.2839,66.2180,65.7134,65.9980,66.1645
24,AGG/TCC,CGACGTGCAGGATGTGCTG,66.00,65.9628,65.3975,65.5479,65.2567,65.6651
25,GGT/CCA,CGACGTGCGGTATGTGCTG,66.00,64.2074,65.6086,65.3291,65.3250,65.3581
26,CTG/GAC,CGACGTGCCTGATGTGCTG,65.90,65.1740,65.8476,65.9762,65.9439,65.7097
27,CTC/GAG,CGACGTGCCTCATGTGCTG,65.80,67.0831,65.9942,66.0538,66.1731,66.0211
28,TGG/ACC,CGACGTGCTGGATGTGCTG,65.50,66.5949,65.9027,66.1033,66.0376,66.0334
29,ACG/TGC,CGACGTGCACGATGTGCTG,65.40,64.6258,65.7478,65.5598,65.7134,65.6905
30,ACC/TGG,CGACGTGCACCATGTGCTG,65.20,64.7515,65.6565,65.5454,65.2469,65.6387
31,TTG/AAC,CGACGTGCTTGATGTGCTG,64.90,63.4026,63.5836,63.9716,64.1029,63.4317
32,ATC/TAG,CGACGTGCATCATGTGCTG,64.80,63.8365,63.9182,63.6168,63.6626,63.9034
33,GAA/CTT,CGACGTGCGAAATGTGCTG,64.70,64.8682,64.5742,64.6919,64.7682,64.5382
34,CAA/GTT,CGACGTGCCAAATGTGCTG,64.50,64.6342,63.9069,64.4485,64.1881,63.9435
35,AAC/TTG,CGACGTGCAACATGTGCTG,64.50,64.8104,64.0741,64.1306,64.3773,63.9718
36,CCT/GGA,CGACGTGCCCTATGTGCTG,64.40,63.5868,64.5814,64.7264,64.4950,64.6830
37,TTC/AAG,CGACGTGCTTCATGTGCTG,64.40,64.6578,63.9547,64.1150,64.4205,63.9085
38,TGA/ACT,CGACGTGCTGAATGTGCTG,64.40,63.9434,64.0807,64.0523,64.1457,63.9764
39,TCA/AGT,CGACGTGCTCAATGTGCTG,64.20,63.4914,63.2214,63.6614,63.7617,63.1066
40,AGA/TCT,CGACGTGCAGAATGTGCTG,64.20,64.5072,63.7465,63.6251,63.6020,63.9326
41,GAT/CTA,CGACGTGCGATATGTGCTG,64.10,64.0424,63.5522,63.5551,63.7039,63.6095
42,GTA/CAT,CGACGTGCGTAATGTGCTG,63.90,63.8729,64.9151,64.3897,64.0865,65.0379
43,AAG/TTC,CGACGTGCAAGATGTGCTG,63.80,63.3485,63.9959,64.0091,64.0718,63.8727
44,ATG/TAC,CGACGTGCATGATGTGCTG,63.60,63.7721,64.1573,63.7691,63.9471,64.1115
45,GTT/CAA,CGACGTGCGTTATGTGCTG,63.60,62.4866,62.9632,63.5261,63.2582,62.8599
46,TAG/ATC,CGACGTGCTAGATGTGCTG,63.60,63.5900,64.3552,64.0836,63.7201,64.5177
47,TAC/ATG,CGACGTGCTACATGTGCTG,63.60,64.6191,64.9830,64.3300,64.3530,64.9998
48,CTA/GAT,CGACGTGCCTAATGTGCTG,63.60,64.5860,64.2840,63.9403,63.4647,64.6011
49,TCT/AGA,CGACGTGCTCTATGTGCTG,63.00,62.2625,61.9629,62.6028,62.2067,62.0588
50,CAT/GTA,CGACGTGCCATATGTGCTG,63.00,62.2963,63.3656,63.4695,63.5704,63.2677
51,ACA/TGT,CGACGTGCACAATGTGCTG,63.00,63.7438,63.6931,63.6297,63.5708,63.7571
52,CTT/GAA,CGACGTGCCTTATGTGCTG,62.90,63.4610,62.8431,63.1485,62.8803,62.9732
53,AGT/TCA,CGACGTGCAGTATGTGCTG,62.70,61.9741,62.4226,62.8040,62.5671,62.1653
54,AAA/TTT,CGACGTGCAAAATGTGCTG,62.40,62.3085,61.9490,62.1669,62.1444,61.9029
55,TGT/ACA,CGACGTGCTGTATGTGCTG,62.10,61.8764,63.0833,63.3736,63.5464,63.0349
56,ATA/TAT,CGACGTGCATAATGTGCTG,61.80,62.2935,62.2478,61.6460,61.3445,62.1940
57,TAA/ATT,CGACGTGCTAAATGTGCTG,61.60,62.8646,62.9211,62.3498,62.1940,63.0673
58,TAT/ATA,CGACGTGCTATATGTGCTG,61.30,61.7882,61.4778,61.1638,60.8071,61.5790
59,AAT/TTA,CGACGTGCAATATGTGCTG,61.20,62.2158,60.9510,61.1393,61.1713,60.9529
60,ATT/TAA,CGACGTGCATTATGTGCTG,60.70,62.2128,60.8516,60.9221,60.7181,61.0078
61,ACT/TGA,CGACGTGCACTATGTGCTG,60.70,62.6674,62.4975,62.7599,62.4314,62.4641
62,TTA/AAT,CGACGTGCTTAATGTGCTG,61.10,62.9761,62.4165,62.1973,62.2229,62.5213
63,TTT/AAA,CGACGTGCTTTATGTGCTG,61.00,61.4699,60.6512,61.2984,61.2500,60.7140
