index,sequence,gc_content,total_dG_kcal_mol
0,GCAGGCAA,0.625,-13.8600
1,GTGGGGCA,0.750,-13.2800
2,CCCGTATC,0.625,-10.0500
3,CTTTCCAA,0.375,-8.8700
4,CTTACAAG,0.375,-8.0300
5,GGTCCCCG,0.875,-12.2700
6,TTGTGCGC,0.625,-14.3500
7,CAGAGGAA,0.500,-9.4500
8,GTCACTTT,0.375,-8.9100
9,ATATCCGC,0.500,-11.0700
10,GCACGGTA,0.625,-12.3400
11,CTCCTTTT,0.375,-8.7000
12,TCTAGTTC,0.375,-8.1800
13,TTTCTGCG,0.500,-11.6200
14,CTGCATCA,0.500,-11.2300
15,CATGACTA,0.375,-8.3800
16,CCCAAAGA,0.500,-9.7100
17,AAGACACC,0.500,-9.7500
18,CGGGACGG,0.875,-12.6000
19,AGATGTAC,0.375,-8.3700
20,GACCTACG,0.625,-10.0500
21,GTCAGCCT,0.625,-12.0100
22,GGAGAGTG,0.625,-9.8900
23,AATGGTGG,0.500,-9.9000
24,AGGTTCAG,0.500,-9.5900
25,GCGACACC,0.750,-13.0600
26,TAGGAGGA,0.500,-9.4200
27,CACGGGTC,0.750,-11.4800
28,TTATAATC,0.125,-6.2200
29,CCCCTTGC,0.750,-12.6700
30,TGCAGTAA,0.375,-10.6200
31,AGTACAAG,0.375,-8.4700
32,GTCGATAA,0.375,-8.6700
33,GTCCGGTC,0.750,-11.3300
34,CCACATAT,0.375,-8.5200
35,CCTGTGAA,0.500,-9.7600
36,ACAGATTC,0.375,-8.6500
37,TGACAAGT,0.375,-9.3600
38,TACTCTCG,0.500,-9.3500
39,CGGCGAGT,0.750,-13.6200
40,CACTTTGG,0.500,-9.4600
41,CCAACGTC,0.625,-10.6400
42,AGCCGCGT,0.750,-15.7400
43,GGGCCGCA,0.875,-15.9800
44,ACCGTCAG,0.625,-10.9200
45,CAATGGTT,0.375,-9.0600
46,GGCCTCAC,0.750,-12.5700
47,CATACTCA,0.375,-8.3800
48,ACGGAAGG,0.625,-10.8700
49,CCGCCTCA,0.750,-13.3000
